{
  "projects": [
    {
      "id": 2,
      "name": "odido - Milestone Campaigns",
      "expanded": false,
      "phases": [
        {
          "id": 4,
          "name": "Campaign Strategy",
          "startDate": "2025-07-15",
          "endDate": "2025-07-28",
          "color": "#8B5CF6",
          "tasks": [
            {
              "id": 10,
              "name": "Market Research & Analysis",
              "startDate": "2025-07-15",
              "endDate": "2025-07-20",
              "dependencies": [],
              "effort": {
                "DEV": 0,
                "QA": 0,
                "OPS": 0,
                "CW": 3,
                "UI": 1,
                "CS": 2,
                "PM": 4,
                "SYS": 0
              },
              "assignments": [
                {
                  "teamMemberId": "cw1",
                  "allocation": 1,
                  "days": 2
                },
                {
                  "teamMemberId": "cw2",
                  "allocation": 0.5,
                  "days": 1
                },
                {
                  "teamMemberId": "ui3",
                  "allocation": 0.5,
                  "days": 1
                },
                {
                  "teamMemberId": "cs1",
                  "allocation": 1,
                  "days": 1
                },
                {
                  "teamMemberId": "cs2",
                  "allocation": 1,
                  "days": 1
                },
                {
                  "teamMemberId": "pm1",
                  "allocation": 1,
                  "days": 2
                },
                {
                  "teamMemberId": "pm2",
                  "allocation": 1,
                  "days": 2
                }
              ],
              "parallelizable": 0.9
            },
            {
              "id": 11,
              "name": "Campaign Content Planning",
              "startDate": "2025-07-21",
              "endDate": "2025-07-28",
              "dependencies": [
                10
              ],
              "effort": {
                "DEV": 0,
                "QA": 0,
                "OPS": 0,
                "CW": 5,
                "UI": 3,
                "CS": 1,
                "PM": 3,
                "SYS": 0
              },
              "assignments": [
                {
                  "teamMemberId": "cw1",
                  "allocation": 1,
                  "days": 3
                },
                {
                  "teamMemberId": "cw2",
                  "allocation": 1,
                  "days": 2
                },
                {
                  "teamMemberId": "ui1",
                  "allocation": 1,
                  "days": 2
                },
                {
                  "teamMemberId": "ui2",
                  "allocation": 0.5,
                  "days": 1
                },
                {
                  "teamMemberId": "cs1",
                  "allocation": 0.5,
                  "days": 1
                },
                {
                  "teamMemberId": "pm1",
                  "allocation": 0.5,
                  "days": 2
                },
                {
                  "teamMemberId": "pm2",
                  "allocation": 0.5,
                  "days": 1
                }
              ],
              "parallelizable": 0.8
            }
          ]
        },
        {
          "id": 5,
          "name": "Technical Implementation",
          "startDate": "2025-08-01",
          "endDate": "2025-08-29",
          "color": "#EC4899",
          "tasks": [
            {
              "id": 12,
              "name": "Campaign Landing Pages",
              "startDate": "2025-08-01",
              "endDate": "2025-08-12",
              "dependencies": [
                11
              ],
              "effort": {
                "DEV": 8,
                "QA": 2,
                "OPS": 0,
                "CW": 2,
                "UI": 6,
                "CS": 0,
                "PM": 2,
                "SYS": 0
              },
              "assignments": [
                {
                  "teamMemberId": "dev2",
                  "allocation": 1,
                  "days": 4
                },
                {
                  "teamMemberId": "dev3",
                  "allocation": 1,
                  "days": 4
                },
                {
                  "teamMemberId": "qa2",
                  "allocation": 1,
                  "days": 1
                },
                {
                  "teamMemberId": "qa3",
                  "allocation": 1,
                  "days": 1
                },
                {
                  "teamMemberId": "cw1",
                  "allocation": 0.5,
                  "days": 2
                },
                {
                  "teamMemberId": "ui1",
                  "allocation": 1,
                  "days": 3
                },
                {
                  "teamMemberId": "ui2",
                  "allocation": 1,
                  "days": 3
                },
                {
                  "teamMemberId": "pm2",
                  "allocation": 0.5,
                  "days": 2
                }
              ],
              "parallelizable": 0.85
            },
            {
              "id": 13,
              "name": "Email Campaign System",
              "startDate": "2025-08-08",
              "endDate": "2025-08-20",
              "dependencies": [
                11
              ],
              "effort": {
                "DEV": 10,
                "QA": 3,
                "OPS": 2,
                "CW": 1,
                "UI": 2,
                "CS": 0,
                "PM": 2,
                "SYS": 3
              },
              "assignments": [
                {
                  "teamMemberId": "dev1",
                  "allocation": 1,
                  "days": 5
                },
                {
                  "teamMemberId": "dev4",
                  "allocation": 1,
                  "days": 5
                },
                {
                  "teamMemberId": "qa1",
                  "allocation": 1,
                  "days": 2
                },
                {
                  "teamMemberId": "qa2",
                  "allocation": 0.5,
                  "days": 1
                },
                {
                  "teamMemberId": "ops1",
                  "allocation": 0.5,
                  "days": 2
                },
                {
                  "teamMemberId": "cw2",
                  "allocation": 0.5,
                  "days": 1
                },
                {
                  "teamMemberId": "ui3",
                  "allocation": 1,
                  "days": 2
                },
                {
                  "teamMemberId": "pm1",
                  "allocation": 0.5,
                  "days": 2
                },
                {
                  "teamMemberId": "sys2",
                  "allocation": 1,
                  "days": 2
                },
                {
                  "teamMemberId": "sys3",
                  "allocation": 0.5,
                  "days": 1
                }
              ],
              "parallelizable": 0.8
            },
            {
              "id": 14,
              "name": "Analytics Integration",
              "startDate": "2025-08-18",
              "endDate": "2025-08-25",
              "dependencies": [
                12,
                13
              ],
              "effort": {
                "DEV": 5,
                "QA": 2,
                "OPS": 1,
                "CW": 0,
                "UI": 0,
                "CS": 0,
                "PM": 1,
                "SYS": 2
              },
              "assignments": [
                {
                  "teamMemberId": "dev1",
                  "allocation": 1,
                  "days": 3
                },
                {
                  "teamMemberId": "dev2",
                  "allocation": 1,
                  "days": 2
                },
                {
                  "teamMemberId": "qa3",
                  "allocation": 1,
                  "days": 2
                },
                {
                  "teamMemberId": "ops2",
                  "allocation": 0.5,
                  "days": 1
                },
                {
                  "teamMemberId": "pm2",
                  "allocation": 0.2,
                  "days": 1
                },
                {
                  "teamMemberId": "sys1",
                  "allocation": 1,
                  "days": 1
                },
                {
                  "teamMemberId": "sys2",
                  "allocation": 0.5,
                  "days": 1
                }
              ],
              "parallelizable": 0.7
            },
            {
              "id": 15,
              "name": "Campaign Launch",
              "startDate": "2025-08-26",
              "endDate": "2025-08-29",
              "dependencies": [
                14
              ],
              "effort": {
                "DEV": 2,
                "QA": 2,
                "OPS": 3,
                "CW": 1,
                "UI": 1,
                "CS": 2,
                "PM": 3,
                "SYS": 1
              },
              "assignments": [
                {
                  "teamMemberId": "dev3",
                  "allocation": 1,
                  "days": 1
                },
                {
                  "teamMemberId": "dev4",
                  "allocation": 1,
                  "days": 1
                },
                {
                  "teamMemberId": "qa1",
                  "allocation": 1,
                  "days": 1
                },
                {
                  "teamMemberId": "qa2",
                  "allocation": 1,
                  "days": 1
                },
                {
                  "teamMemberId": "ops1",
                  "allocation": 1,
                  "days": 2
                },
                {
                  "teamMemberId": "ops2",
                  "allocation": 1,
                  "days": 1
                },
                {
                  "teamMemberId": "cw1",
                  "allocation": 0.5,
                  "days": 1
                },
                {
                  "teamMemberId": "ui1",
                  "allocation": 0.5,
                  "days": 1
                },
                {
                  "teamMemberId": "cs1",
                  "allocation": 1,
                  "days": 1
                },
                {
                  "teamMemberId": "cs2",
                  "allocation": 1,
                  "days": 1
                },
                {
                  "teamMemberId": "pm1",
                  "allocation": 1,
                  "days": 2
                },
                {
                  "teamMemberId": "pm2",
                  "allocation": 1,
                  "days": 1
                },
                {
                  "teamMemberId": "sys3",
                  "allocation": 0.5,
                  "days": 1
                }
              ],
              "parallelizable": 0.6
            }
          ]
        }
      ]
    },
    {
      "id": 4,
      "name": "etisalat - Switch to TPAY Partner",
      "expanded": false,
      "phases": [
        {
          "id": 8,
          "name": "Integration Planning",
          "startDate": "2025-07-15",
          "endDate": "2025-07-29",
          "color": "#EF4444",
          "tasks": [
            {
              "id": 22,
              "name": "TPAY API Analysis",
              "startDate": "2025-07-15",
              "endDate": "2025-07-20",
              "dependencies": [],
              "effort": {
                "DEV": 4,
                "QA": 1,
                "OPS": 1,
                "CW": 0,
                "UI": 0,
                "CS": 1,
                "PM": 3,
                "SYS": 2
              },
              "assignments": [
                {
                  "teamMemberId": "dev1",
                  "allocation": 1,
                  "days": 2
                },
                {
                  "teamMemberId": "dev3",
                  "allocation": 1,
                  "days": 2
                },
                {
                  "teamMemberId": "qa1",
                  "allocation": 0.5,
                  "days": 1
                },
                {
                  "teamMemberId": "ops1",
                  "allocation": 0.5,
                  "days": 1
                },
                {
                  "teamMemberId": "cs2",
                  "allocation": 0.5,
                  "days": 1
                },
                {
                  "teamMemberId": "pm1",
                  "allocation": 1,
                  "days": 2
                },
                {
                  "teamMemberId": "pm2",
                  "allocation": 0.5,
                  "days": 1
                },
                {
                  "teamMemberId": "sys2",
                  "allocation": 1,
                  "days": 2
                }
              ],
              "parallelizable": 0.7
            },
            {
              "id": 23,
              "name": "Integration Architecture Design",
              "startDate": "2025-07-21",
              "endDate": "2025-07-26",
              "dependencies": [
                22
              ],
              "effort": {
                "DEV": 5,
                "QA": 2,
                "OPS": 2,
                "CW": 0,
                "UI": 1,
                "CS": 0,
                "PM": 2,
                "SYS": 3
              },
              "assignments": [
                {
                  "teamMemberId": "dev1",
                  "allocation": 1,
                  "days": 3
                },
                {
                  "teamMemberId": "dev4",
                  "allocation": 1,
                  "days": 2
                },
                {
                  "teamMemberId": "qa2",
                  "allocation": 1,
                  "days": 1
                },
                {
                  "teamMemberId": "qa3",
                  "allocation": 1,
                  "days": 1
                },
                {
                  "teamMemberId": "ops1",
                  "allocation": 0.5,
                  "days": 2
                },
                {
                  "teamMemberId": "ui3",
                  "allocation": 0.5,
                  "days": 1
                },
                {
                  "teamMemberId": "pm1",
                  "allocation": 0.5,
                  "days": 2
                },
                {
                  "teamMemberId": "sys1",
                  "allocation": 1,
                  "days": 2
                },
                {
                  "teamMemberId": "sys2",
                  "allocation": 0.5,
                  "days": 1
                }
              ],
              "parallelizable": 0.6
            },
            {
              "id": 24,
              "name": "Security & Compliance Review",
              "startDate": "2025-07-27",
              "endDate": "2025-07-29",
              "dependencies": [
                23
              ],
              "effort": {
                "DEV": 2,
                "QA": 2,
                "OPS": 2,
                "CW": 1,
                "UI": 0,
                "CS": 1,
                "PM": 2,
                "SYS": 2
              },
              "assignments": [
                {
                  "teamMemberId": "dev2",
                  "allocation": 1,
                  "days": 2
                },
                {
                  "teamMemberId": "qa1",
                  "allocation": 1,
                  "days": 2
                },
                {
                  "teamMemberId": "ops1",
                  "allocation": 1,
                  "days": 1
                },
                {
                  "teamMemberId": "ops2",
                  "allocation": 1,
                  "days": 1
                },
                {
                  "teamMemberId": "cw1",
                  "allocation": 0.5,
                  "days": 1
                },
                {
                  "teamMemberId": "cs1",
                  "allocation": 0.5,
                  "days": 1
                },
                {
                  "teamMemberId": "pm1",
                  "allocation": 1,
                  "days": 2
                },
                {
                  "teamMemberId": "sys1",
                  "allocation": 1,
                  "days": 1
                },
                {
                  "teamMemberId": "sys3",
                  "allocation": 1,
                  "days": 1
                }
              ],
              "parallelizable": 0.8
            }
          ]
        },
        {
          "id": 9,
          "name": "Implementation & Migration",
          "startDate": "2025-08-01",
          "endDate": "2025-08-30",
          "color": "#F97316",
          "tasks": [
            {
              "id": 25,
              "name": "TPAY Gateway Integration",
              "startDate": "2025-08-01",
              "endDate": "2025-08-12",
              "dependencies": [
                24
              ],
              "effort": {
                "DEV": 12,
                "QA": 3,
                "OPS": 2,
                "CW": 0,
                "UI": 3,
                "CS": 0,
                "PM": 2,
                "SYS": 4
              },
              "assignments": [
                {
                  "teamMemberId": "dev1",
                  "allocation": 1,
                  "days": 6
                },
                {
                  "teamMemberId": "dev2",
                  "allocation": 1,
                  "days": 4
                },
                {
                  "teamMemberId": "dev3",
                  "allocation": 0.5,
                  "days": 2
                },
                {
                  "teamMemberId": "qa1",
                  "allocation": 1,
                  "days": 2
                },
                {
                  "teamMemberId": "qa2",
                  "allocation": 0.5,
                  "days": 1
                },
                {
                  "teamMemberId": "ops2",
                  "allocation": 0.5,
                  "days": 2
                },
                {
                  "teamMemberId": "ui1",
                  "allocation": 1,
                  "days": 2
                },
                {
                  "teamMemberId": "ui2",
                  "allocation": 0.5,
                  "days": 1
                },
                {
                  "teamMemberId": "pm2",
                  "allocation": 0.5,
                  "days": 2
                },
                {
                  "teamMemberId": "sys1",
                  "allocation": 1,
                  "days": 2
                },
                {
                  "teamMemberId": "sys2",
                  "allocation": 1,
                  "days": 2
                }
              ],
              "parallelizable": 0.85
            },
            {
              "id": 26,
              "name": "Payment Flow Testing",
              "startDate": "2025-08-10",
              "endDate": "2025-08-19",
              "dependencies": [
                25
              ],
              "effort": {
                "DEV": 4,
                "QA": 8,
                "OPS": 1,
                "CW": 0,
                "UI": 2,
                "CS": 3,
                "PM": 2,
                "SYS": 1
              },
              "assignments": [
                {
                  "teamMemberId": "dev1",
                  "allocation": 1,
                  "days": 2
                },
                {
                  "teamMemberId": "dev4",
                  "allocation": 1,
                  "days": 2
                },
                {
                  "teamMemberId": "qa1",
                  "allocation": 1,
                  "days": 4
                },
                {
                  "teamMemberId": "qa2",
                  "allocation": 1,
                  "days": 3
                },
                {
                  "teamMemberId": "qa3",
                  "allocation": 1,
                  "days": 1
                },
                {
                  "teamMemberId": "ops1",
                  "allocation": 0.5,
                  "days": 1
                },
                {
                  "teamMemberId": "ui1",
                  "allocation": 0.5,
                  "days": 2
                },
                {
                  "teamMemberId": "cs1",
                  "allocation": 1,
                  "days": 2
                },
                {
                  "teamMemberId": "cs2",
                  "allocation": 0.5,
                  "days": 1
                },
                {
                  "teamMemberId": "pm1",
                  "allocation": 0.5,
                  "days": 2
                },
                {
                  "teamMemberId": "sys3",
                  "allocation": 0.5,
                  "days": 1
                }
              ],
              "parallelizable": 0.9
            },
            {
              "id": 27,
              "name": "Data Migration",
              "startDate": "2025-08-15",
              "endDate": "2025-08-24",
              "dependencies": [
                25
              ],
              "effort": {
                "DEV": 6,
                "QA": 3,
                "OPS": 4,
                "CW": 0,
                "UI": 0,
                "CS": 1,
                "PM": 2,
                "SYS": 6
              },
              "assignments": [
                {
                  "teamMemberId": "dev2",
                  "allocation": 1,
                  "days": 3
                },
                {
                  "teamMemberId": "dev3",
                  "allocation": 1,
                  "days": 3
                },
                {
                  "teamMemberId": "qa1",
                  "allocation": 0.5,
                  "days": 2
                },
                {
                  "teamMemberId": "qa3",
                  "allocation": 0.5,
                  "days": 1
                },
                {
                  "teamMemberId": "ops1",
                  "allocation": 1,
                  "days": 2
                },
                {
                  "teamMemberId": "ops2",
                  "allocation": 1,
                  "days": 2
                },
                {
                  "teamMemberId": "cs2",
                  "allocation": 0.5,
                  "days": 1
                },
                {
                  "teamMemberId": "pm2",
                  "allocation": 0.5,
                  "days": 2
                },
                {
                  "teamMemberId": "sys1",
                  "allocation": 1,
                  "days": 3
                },
                {
                  "teamMemberId": "sys2",
                  "allocation": 1,
                  "days": 2
                },
                {
                  "teamMemberId": "sys3",
                  "allocation": 1,
                  "days": 1
                }
              ],
              "parallelizable": 0.7
            },
            {
              "id": 28,
              "name": "Partner Switch & Go-Live",
              "startDate": "2025-08-25",
              "endDate": "2025-09-05",
              "dependencies": [
                26,
                27
              ],
              "effort": {
                "DEV": 3,
                "QA": 2,
                "OPS": 5,
                "CW": 1,
                "UI": 1,
                "CS": 3,
                "PM": 4,
                "SYS": 4
              },
              "assignments": [
                {
                  "teamMemberId": "dev1",
                  "allocation": 1,
                  "days": 2
                },
                {
                  "teamMemberId": "dev4",
                  "allocation": 0.5,
                  "days": 1
                },
                {
                  "teamMemberId": "qa1",
                  "allocation": 1,
                  "days": 1
                },
                {
                  "teamMemberId": "qa2",
                  "allocation": 1,
                  "days": 1
                },
                {
                  "teamMemberId": "ops1",
                  "allocation": 1,
                  "days": 3
                },
                {
                  "teamMemberId": "ops2",
                  "allocation": 1,
                  "days": 2
                },
                {
                  "teamMemberId": "cw2",
                  "allocation": 0.5,
                  "days": 1
                },
                {
                  "teamMemberId": "ui3",
                  "allocation": 0.5,
                  "days": 1
                },
                {
                  "teamMemberId": "cs1",
                  "allocation": 1,
                  "days": 2
                },
                {
                  "teamMemberId": "cs2",
                  "allocation": 1,
                  "days": 1
                },
                {
                  "teamMemberId": "pm1",
                  "allocation": 1,
                  "days": 3
                },
                {
                  "teamMemberId": "pm2",
                  "allocation": 1,
                  "days": 1
                },
                {
                  "teamMemberId": "sys1",
                  "allocation": 1,
                  "days": 2
                },
                {
                  "teamMemberId": "sys2",
                  "allocation": 1,
                  "days": 2
                }
              ],
              "parallelizable": 0.5
            }
          ]
        }
      ]
    },
    {
      "id": 5,
      "name": "goodys - Future Planning",
      "expanded": false,
      "phases": []
    },
    {
      "id": 6,
      "name": "Otelo Landing Pages Reinforcement",
      "expanded": true,
      "phases": [
        {
          "id": 13,
          "name": "Implementation",
          "startDate": "2025-07-01",
          "endDate": "2025-07-19",
          "color": "#3B82F6",
          "tasks": [
            {
              "id": 37,
              "name": "Landing Pages Development",
              "startDate": "2025-07-07",
              "endDate": "2025-07-25",
              "dependencies": [],
              "effort": {
                "DEV": 10,
                "QA": 0,
                "OPS": 0,
                "CW": 0,
                "UI": 4,
                "CS": 0,
                "PM": 2,
                "SYS": 0
              },
              "assignments": [
                {
                  "teamMemberId": "ariadni",
                  "allocation": 1,
                  "days": 4
                },
                {
                  "teamMemberId": "atsios",
                  "allocation": 0.2,
                  "days": 2
                },
                {
                  "teamMemberId": "zagarelos",
                  "allocation": 1,
                  "days": 5
                }
              ],
              "parallelizable": 0.5
            },
            {
              "id": 38,
              "name": "QA Testing",
              "startDate": "2025-07-28",
              "endDate": "2025-08-01",
              "dependencies": [
                37
              ],
              "effort": {
                "DEV": 2,
                "QA": 5,
                "OPS": 0,
                "CW": 0,
                "UI": 0,
                "CS": 0,
                "PM": 1,
                "SYS": 0
              },
              "assignments": [
                {
                  "teamMemberId": "arkadianos",
                  "allocation": 0.5,
                  "days": 2
                },
                {
                  "teamMemberId": "chatzikonstantinou_qa",
                  "allocation": 1,
                  "days": 3
                },
                {
                  "teamMemberId": "siozos_qa",
                  "allocation": 1,
                  "days": 2
                },
                {
                  "teamMemberId": "gkesouli",
                  "allocation": 0.2,
                  "days": 1
                }
              ],
              "parallelizable": 0.7
            },
            {
              "id": 39,
              "name": "Deployment",
              "startDate": "2025-08-05",
              "endDate": "2025-08-06",
              "dependencies": [
                38
              ],
              "effort": {
                "DEV": 2,
                "QA": 1,
                "OPS": 0,
                "CW": 0,
                "UI": 0,
                "CS": 0,
                "PM": 1,
                "SYS": 2
              },
              "assignments": [
                {
                  "teamMemberId": "joseph",
                  "allocation": 1,
                  "days": 1
                },
                {
                  "teamMemberId": "atsios",
                  "allocation": 0.2,
                  "days": 1
                },
                {
                  "teamMemberId": "makis",
                  "allocation": 1,
                  "days": 2
                },
                {
                  "teamMemberId": "spanos",
                  "allocation": 0.5,
                  "days": 1
                },
                {
                  "teamMemberId": "zagarelos",
                  "allocation": 1,
                  "days": 2
                }
              ],
              "parallelizable": 1
            }
          ]
        }
      ]
    },
    {
      "id": 7,
      "name": "YAS Initial Setup",
      "expanded": false,
      "phases": [
        {
          "id": 15,
          "name": "Planning",
          "startDate": "2025-07-01",
          "endDate": "2025-07-10",
          "color": "#06B6D4",
          "tasks": [
            {
              "id": 43,
              "name": "Requirements Gathering",
              "startDate": "2025-07-01",
              "endDate": "2025-07-03",
              "dependencies": [],
              "effort": {
                "DEV": 2,
                "QA": 1,
                "OPS": 0,
                "CW": 3,
                "UI": 1,
                "CS": 0,
                "PM": 3,
                "SYS": 0
              },
              "assignments": [
                {
                  "teamMemberId": "zagarelos",
                  "allocation": 0.5,
                  "days": 2
                },
                {
                  "teamMemberId": "mahmoun",
                  "allocation": 1,
                  "days": 3
                },
                {
                  "teamMemberId": "ariadni",
                  "allocation": 0.5,
                  "days": 1
                },
                {
                  "teamMemberId": "atsios",
                  "allocation": 1,
                  "days": 3
                }
              ],
              "parallelizable": 0.8
            },
            {
              "id": 44,
              "name": "Technical Design",
              "startDate": "2025-07-04",
              "endDate": "2025-07-07",
              "dependencies": [
                43
              ],
              "effort": {
                "DEV": 4,
                "QA": 1,
                "OPS": 2,
                "CW": 0,
                "UI": 0,
                "CS": 0,
                "PM": 2,
                "SYS": 2
              },
              "assignments": [
                {
                  "teamMemberId": "zagarelos",
                  "allocation": 1,
                  "days": 4
                },
                {
                  "teamMemberId": "liakos",
                  "allocation": 0.5,
                  "days": 2
                },
                {
                  "teamMemberId": "chatzikonstantinou_qa",
                  "allocation": 0.5,
                  "days": 1
                },
                {
                  "teamMemberId": "gkesouli",
                  "allocation": 0.5,
                  "days": 2
                },
                {
                  "teamMemberId": "makis",
                  "allocation": 1,
                  "days": 2
                }
              ],
              "parallelizable": 0.7
            },
            {
              "id": 45,
              "name": "Approval & Kickoff",
              "startDate": "2025-07-08",
              "endDate": "2025-07-10",
              "dependencies": [
                44
              ],
              "effort": {
                "DEV": 1,
                "QA": 0,
                "OPS": 1,
                "CW": 2,
                "UI": 0,
                "CS": 0,
                "PM": 3,
                "SYS": 0
              },
              "assignments": [
                {
                  "teamMemberId": "dialektakos",
                  "allocation": 0.5,
                  "days": 1
                },
                {
                  "teamMemberId": "siozos_ops",
                  "allocation": 0.5,
                  "days": 1
                },
                {
                  "teamMemberId": "mahmoun",
                  "allocation": 1,
                  "days": 2
                },
                {
                  "teamMemberId": "atsios",
                  "allocation": 1,
                  "days": 3
                },
                {
                  "teamMemberId": "gkesouli",
                  "allocation": 0.5,
                  "days": 2
                }
              ],
              "parallelizable": 0.6
            }
          ]
        },
        {
          "id": 14,
          "name": "Core Infrastructure",
          "startDate": "2025-07-15",
          "endDate": "2025-08-12",
          "color": "#10B981",
          "tasks": [
            {
              "id": 40,
              "name": "Environment Setup",
              "startDate": "2025-07-15",
              "endDate": "2025-07-19",
              "dependencies": [
                45
              ],
              "effort": {
                "DEV": 5,
                "QA": 0,
                "OPS": 3,
                "CW": 2,
                "UI": 0,
                "CS": 0,
                "PM": 2,
                "SYS": 3
              },
              "assignments": [
                {
                  "teamMemberId": "zagarelos",
                  "allocation": 1,
                  "days": 5
                },
                {
                  "teamMemberId": "dialektakos",
                  "allocation": 1,
                  "days": 5
                },
                {
                  "teamMemberId": "liakos",
                  "allocation": 1,
                  "days": 3
                },
                {
                  "teamMemberId": "chatzikonstantinou_ops",
                  "allocation": 1,
                  "days": 2
                },
                {
                  "teamMemberId": "gkesouli",
                  "allocation": 0.2,
                  "days": 2
                },
                {
                  "teamMemberId": "makis",
                  "allocation": 1,
                  "days": 2
                },
                {
                  "teamMemberId": "spanos",
                  "allocation": 0.5,
                  "days": 1
                }
              ],
              "parallelizable": 0.8
            },
            {
              "id": 41,
              "name": "Testing & Validation",
              "startDate": "2025-07-22",
              "endDate": "2025-07-26",
              "dependencies": [
                40
              ],
              "effort": {
                "DEV": 1,
                "QA": 5,
                "OPS": 1,
                "CW": 0,
                "UI": 0,
                "CS": 0,
                "PM": 1,
                "SYS": 1
              },
              "assignments": [
                {
                  "teamMemberId": "zagarelos",
                  "allocation": 1,
                  "days": 3
                },
                {
                  "teamMemberId": "chatzikonstantinou_qa",
                  "allocation": 1,
                  "days": 3
                },
                {
                  "teamMemberId": "joseph",
                  "allocation": 1,
                  "days": 2
                },
                {
                  "teamMemberId": "siozos_ops",
                  "allocation": 0.5,
                  "days": 2
                },
                {
                  "teamMemberId": "atsios",
                  "allocation": 0.2,
                  "days": 1
                },
                {
                  "teamMemberId": "spanos",
                  "allocation": 0.5,
                  "days": 1
                }
              ],
              "parallelizable": 0.7
            },
            {
              "id": 42,
              "name": "Deploy & Monitor",
              "startDate": "2025-08-05",
              "endDate": "2025-08-12",
              "dependencies": [
                41
              ],
              "effort": {
                "DEV": 1,
                "QA": 0,
                "OPS": 2,
                "CW": 0,
                "UI": 0,
                "CS": 0,
                "PM": 2,
                "SYS": 1
              },
              "assignments": [
                {
                  "teamMemberId": "dialektakos",
                  "allocation": 1,
                  "days": 2
                },
                {
                  "teamMemberId": "liakos",
                  "allocation": 0.5,
                  "days": 1
                },
                {
                  "teamMemberId": "mahmoun",
                  "allocation": 1,
                  "days": 2
                },
                {
                  "teamMemberId": "atsios",
                  "allocation": 0.5,
                  "days": 2
                },
                {
                  "teamMemberId": "makis",
                  "allocation": 0.5,
                  "days": 1
                }
              ],
              "parallelizable": 0.6
            }
          ]
        }
      ]
    }
  ],
  "teams": [
    {
      "name": "DEV",
      "members": [
        {
          "id": "arkadianos",
          "name": "Arkadianos",
          "rate": 900,
          "level": "Senior"
        },
        {
          "id": "dialektakos",
          "name": "Dialektakos",
          "rate": 800,
          "level": "Mid"
        },
        {
          "id": "zagarelos",
          "name": "Zagarelos",
          "rate": 700,
          "level": "Mid"
        }
      ]
    },
    {
      "name": "OPS",
      "members": [
        {
          "id": "liakos",
          "name": "Liakos",
          "rate": 750,
          "level": "Senior"
        },
        {
          "id": "chatzikonstantinou_ops",
          "name": "Chatzikonstantinou",
          "rate": 650,
          "level": "Mid"
        },
        {
          "id": "siozos_ops",
          "name": "Siozos",
          "rate": 600,
          "level": "Junior"
        }
      ]
    },
    {
      "name": "QA",
      "members": [
        {
          "id": "chatzikonstantinou_qa",
          "name": "Chatzikonstantinou",
          "rate": 650,
          "level": "Senior"
        },
        {
          "id": "siozos_qa",
          "name": "Siozos",
          "rate": 550,
          "level": "Mid"
        },
        {
          "id": "joseph",
          "name": "Joseph",
          "rate": 500,
          "level": "Junior"
        }
      ]
    },
    {
      "name": "PM",
      "members": [
        {
          "id": "atsios",
          "name": "Atsios",
          "rate": 1000,
          "level": "Senior"
        },
        {
          "id": "gkesouli",
          "name": "Gkesouli",
          "rate": 800,
          "level": "Mid"
        }
      ]
    },
    {
      "name": "CW",
      "members": [
        {
          "id": "mahmoun",
          "name": "Mahmoun",
          "rate": 550,
          "level": "Senior"
        },
        {
          "id": "oikonomidou",
          "name": "Oikonomidou",
          "rate": 450,
          "level": "Mid"
        }
      ]
    },
    {
      "name": "UI",
      "members": [
        {
          "id": "ariadni",
          "name": "Ariadni",
          "rate": 800,
          "level": "Senior"
        }
      ]
    },
    {
      "name": "CS",
      "members": [
        {
          "id": "migena",
          "name": "Migena",
          "rate": 450,
          "level": "Senior"
        },
        {
          "id": "karim",
          "name": "Karim",
          "rate": 350,
          "level": "Mid"
        }
      ]
    },
    {
      "name": "SYS",
      "members": [
        {
          "id": "makis",
          "name": "Makis",
          "rate": 900,
          "level": "Senior"
        },
        {
          "id": "spanos",
          "name": "Spanos",
          "rate": 850,
          "level": "Senior"
        }
      ]
    }
  ],
  "exportDate": "2025-07-10T15:15:39.240Z"
}